{"imbdid":{"0":"0087015","1":"0048133"},"nb_women":{"0":0,"1":0},"nb_men":{"0":0,"1":2},"area_women":{"0":0.0,"1":0.0},"area_men":{"0":0.0,"1":0.0046426667}}{"imbdid":{"2":"0058263","3":"0341384"},"nb_women":{"2":0,"3":0},"nb_men":{"2":1,"3":1},"area_women":{"2":0.0,"3":0.0},"area_men":{"2":0.0366426667,"3":0.001584}}{"imbdid":{"4":"0059080","5":"6436726"},"nb_women":{"4":0,"5":0},"nb_men":{"4":3,"5":1},"area_women":{"4":0.0,"5":0.0},"area_men":{"4":0.012904,"5":0.063304}}