{
    "imbdid": {
        "0": "0087015",
        "1": "0048133",
        "2": "0058263",
        "3": "0341384",
        "4": "0059080",
        "5": "6436726",
        "6": "10919380",
        "7": "4794188",
        "8": "0059682",
        "9": "0052846"
    },
    "nb_women": {
        "0": 0,
        "1": 0,
        "2": 0,
        "3": 0,
        "4": 0,
        "5": 0,
        "6": 0,
        "7": 0,
        "8": 0,
        "9": 0
    },
    "nb_men": {
        "0": 0,
        "1": 2,
        "2": 1,
        "3": 1,
        "4": 3,
        "5": 1,
        "6": 2,
        "7": 3,
        "8": 2,
        "9": 0
    },
    "area_women": {
        "0": 0.0,
        "1": 0.0,
        "2": 0.0,
        "3": 0.0,
        "4": 0.0,
        "5": 0.0,
        "6": 0.0,
        "7": 0.0,
        "8": 0.0,
        "9": 0.0
    },
    "area_men": {
        "0": 0.0,
        "1": 0.004752,
        "2": 0.0368853333,
        "3": 0.001584,
        "4": 0.0130026667,
        "5": 0.063632,
        "6": 0.0980586667,
        "7": 0.0177416778,
        "8": 0.01109375,
        "9": 0.0
    }
}{
    "imbdid": {
        "10": "0056912",
        "11": "0109830",
        "12": "0056663",
        "13": "0102510",
        "14": "0844286",
        "15": "11284280",
        "16": "0057546",
        "17": "4157510",
        "18": "0108147",
        "19": "1457767"
    },
    "nb_women": {
        "10": 0,
        "11": 0,
        "12": 0,
        "13": 0,
        "14": 0,
        "15": 0,
        "16": 0,
        "17": 0,
        "18": 0,
        "19": 0
    },
    "nb_men": {
        "10": 7,
        "11": 1,
        "12": 1,
        "13": 1,
        "14": 8,
        "15": 2,
        "16": 1,
        "17": 1,
        "18": 1,
        "19": 0
    },
    "area_women": {
        "10": 0.0,
        "11": 0.0,
        "12": 0.0,
        "13": 0.0,
        "14": 0.0,
        "15": 0.0,
        "16": 0.0,
        "17": 0.0,
        "18": 0.0,
        "19": 0.0
    },
    "area_men": {
        "10": 0.0683970588,
        "11": 0.0028373333,
        "12": 0.1525973333,
        "13": 0.0058906667,
        "14": 0.1353893333,
        "15": 0.4902213333,
        "16": 0.0120266667,
        "17": 0.047656,
        "18": 0.012896,
        "19": 0.0
    }
}{
    "imbdid": {
        "20": "0993846",
        "21": "0384819",
        "22": "0162735",
        "23": "0100469",
        "24": "0290334",
        "25": "4065552",
        "26": "0031679",
        "27": "0008844",
        "28": "1396218",
        "29": "0082269"
    },
    "nb_women": {
        "20": 0,
        "21": 0,
        "22": 0,
        "23": 0,
        "24": 0,
        "25": 0,
        "26": 0,
        "27": 0,
        "28": 0,
        "29": 0
    },
    "nb_men": {
        "20": 4,
        "21": 1,
        "22": 7,
        "23": 0,
        "24": 3,
        "25": 1,
        "26": 1,
        "27": 2,
        "28": 1,
        "29": 1
    },
    "area_women": {
        "20": 0.0,
        "21": 0.0,
        "22": 0.0,
        "23": 0.0,
        "24": 0.0,
        "25": 0.0,
        "26": 0.0,
        "27": 0.0,
        "28": 0.0,
        "29": 0.0
    },
    "area_men": {
        "20": 0.0270967742,
        "21": 0.0019626667,
        "22": 0.1539066667,
        "23": 0.0,
        "24": 0.039736,
        "25": 0.0115493333,
        "26": 0.0059733333,
        "27": 0.0844346667,
        "28": 0.137728,
        "29": 0.0022186667
    }
}{
    "imbdid": {
        "30": "7798634",
        "31": "2965466",
        "32": "8359816",
        "33": "0160611",
        "34": "0981227",
        "35": "7752126",
        "36": "1020543",
        "37": "1433802",
        "38": "0099772",
        "39": "1748122"
    },
    "nb_women": {
        "30": 0,
        "31": 0,
        "32": 0,
        "33": 0,
        "34": 0,
        "35": 0,
        "36": 0,
        "37": 0,
        "38": 0,
        "39": 0
    },
    "nb_men": {
        "30": 13,
        "31": 1,
        "32": 4,
        "33": 8,
        "34": 2,
        "35": 1,
        "36": 2,
        "37": 3,
        "38": 1,
        "39": 15
    },
    "area_women": {
        "30": 0.0,
        "31": 0.0,
        "32": 0.0,
        "33": 0.0,
        "34": 0.0,
        "35": 0.0,
        "36": 0.0,
        "37": 0.0,
        "38": 0.0,
        "39": 0.0
    },
    "area_men": {
        "30": 0.0474373333,
        "31": 0.120232,
        "32": 0.018656,
        "33": 0.1638748299,
        "34": 0.0190506667,
        "35": 0.0080213333,
        "36": 0.0146373333,
        "37": 0.0050213333,
        "38": 0.00272,
        "39": 0.014984
    }
}{
    "imbdid": {
        "40": "0000300",
        "41": "0363547",
        "42": "4738360",
        "43": "1385912",
        "44": "1206543",
        "45": "1981107",
        "46": "0049095",
        "47": "1345772",
        "48": "0052169",
        "49": "1483324"
    },
    "nb_women": {
        "40": 0,
        "41": 0,
        "42": 0,
        "43": 0,
        "44": 0,
        "45": 0,
        "46": 0,
        "47": 0,
        "48": 0,
        "49": 0
    },
    "nb_men": {
        "40": 2,
        "41": 0,
        "42": 2,
        "43": 1,
        "44": 1,
        "45": 1,
        "46": 0,
        "47": 0,
        "48": 2,
        "49": 2
    },
    "area_women": {
        "40": 0.0,
        "41": 0.0,
        "42": 0.0,
        "43": 0.0,
        "44": 0.0,
        "45": 0.0,
        "46": 0.0,
        "47": 0.0,
        "48": 0.0,
        "49": 0.0
    },
    "area_men": {
        "40": 0.0162533333,
        "41": 0.0,
        "42": 0.052992,
        "43": 0.108128,
        "44": 0.16388,
        "45": 0.0027066667,
        "46": 0.0,
        "47": 0.0,
        "48": 0.2158853333,
        "49": 0.0175946667
    }
}{
    "imbdid": {
        "50": "0109506",
        "51": "3501632",
        "52": "8331988",
        "53": "0070634",
        "54": "0048140",
        "55": "6303866",
        "56": "2316411",
        "57": "0115798",
        "58": "2872518",
        "59": "0021148"
    },
    "nb_women": {
        "50": 0,
        "51": 0,
        "52": 0,
        "53": 0,
        "54": 0,
        "55": 0,
        "56": 0,
        "57": 0,
        "58": 0,
        "59": 0
    },
    "nb_men": {
        "50": 0,
        "51": 6,
        "52": 1,
        "53": 3,
        "54": 4,
        "55": 3,
        "56": 0,
        "57": 1,
        "58": 1,
        "59": 4
    },
    "area_women": {
        "50": 0.0,
        "51": 0.0,
        "52": 0.0,
        "53": 0.0,
        "54": 0.0,
        "55": 0.0,
        "56": 0.0,
        "57": 0.0,
        "58": 0.0,
        "59": 0.0
    },
    "area_men": {
        "50": 0.0,
        "51": 0.026592,
        "52": 0.0046373333,
        "53": 0.1273253333,
        "54": 0.0118987688,
        "55": 0.05644,
        "56": 0.0,
        "57": 0.11776,
        "58": 0.001088,
        "59": 0.0684293333
    }
}{
    "imbdid": {
        "60": "1666642",
        "61": "1149361",
        "62": "1155076",
        "63": "0099422",
        "64": "0464061",
        "65": "2094877",
        "66": "0086904",
        "67": "1965065",
        "68": "6298780",
        "69": "1078912"
    },
    "nb_women": {
        "60": 0,
        "61": 0,
        "62": 0,
        "63": 0,
        "64": 0,
        "65": 0,
        "66": 0,
        "67": 0,
        "68": 0,
        "69": 0
    },
    "nb_men": {
        "60": 2,
        "61": 9,
        "62": 2,
        "63": 2,
        "64": 2,
        "65": 2,
        "66": 4,
        "67": 6,
        "68": 3,
        "69": 10
    },
    "area_women": {
        "60": 0.0,
        "61": 0.0,
        "62": 0.0,
        "63": 0.0,
        "64": 0.0,
        "65": 0.0,
        "66": 0.0,
        "67": 0.0,
        "68": 0.0,
        "69": 0.0
    },
    "area_men": {
        "60": 0.031184,
        "61": 0.0914693333,
        "62": 0.0420906667,
        "63": 0.00608,
        "64": 0.116512,
        "65": 0.0184,
        "66": 0.021032,
        "67": 0.0246026667,
        "68": 0.0248373333,